heroName,imgURL
AIRI,https://cdn-webth.garenanow.com/webth/cdn/gth/rov/non-events/official/fb8a12b0dccdaee733cb0df7479245a4538231199.jpeg
ALEISTER,https://cdn-webth.garenanow.com/webth/cdn/gth/rov/non-events/official/865b1b90b0a5c0c961bf6e56beb47e2b368550319.jpg
ALICE,https://cdn-webth.garenanow.com/mgames/kgcenter/th/Art_Resources/UI/Dynamic/Icon/301180.png
ALLAIN,https://cdn-webth.garenanow.com/webth/cdn/gth/rov/non-events/official/0c8dc05e988fbd87b5d30b368b8008ec.jpg
AMILY,https://cdn-webth.garenanow.com/mgames/kgcenter/th/Art_Resources/UI/Dynamic/Icon/301930.png
ANNETTE,https://cdn-webth.garenanow.com/mgames/kgcenter/th/Art_Resources/UI/Dynamic/Icon/305190.png
AOI,https://cdn-webth.garenanow.com/webth/cdn/gth/rov/non-events/official/210fedabab9858d9a86a36a0e22fd0c2911013802.jpeg
ARDUIN,https://cdn-webth.garenanow.com/mgames/kgcenter/th/Art_Resources/UI/Dynamic/Icon/301260.png
ARUM,https://cdn-webth.garenanow.com/mgames/kgcenter/th/Art_Resources/UI/Dynamic/Icon/301870.png
ASTRID,https://cdn-webth.garenanow.com/mgames/kgcenter/th/Art_Resources/UI/Dynamic/Icon/305020.png
ATA,https://cdn-webth.garenanow.com/webth/cdn/gth/rov/non-events/official/bc077a5ecf509b309fc06fbbae34d4a7.jpg
AYA,https://cdn-webth.garenanow.com/webth/cdn/gth/rov/non-events/official/d7eb3abf05ebf7c588efcd1c4426b6ea928761324.jpg
AZZEN'KA,https://cdn-webth.garenanow.com/mgames/kgcenter/th/Art_Resources/UI/Dynamic/Icon/301270.png
BALDUM,https://cdn-webth.garenanow.com/mgames/kgcenter/th/Art_Resources/UI/Dynamic/Icon/305050.png
BATMAN,https://cdn-webth.garenanow.com/mgames/kgcenter/th/Art_Resources/UI/Dynamic/Icon/301530.png
BRIGHT,https://cdn-webth.garenanow.com/webth/cdn/gth/rov/non-events/official/1df9f95f158eb4bf8e3b86bc1a852220.jpg
BUTTERFLY,https://cdn-webth.garenanow.com/webth/cdn/gth/rov/non-events/official/953686dacc7e2900a7c3e557f9a289a0804234356.jpeg
CAPHENY,https://cdn-webth.garenanow.com/mgames/kgcenter/th/Art_Resources/UI/Dynamic/Icon/305240.png
CELICA,https://cdn-webth.garenanow.com/webth/cdn/gth/rov/non-events/official/977f2da94839af7212b8071b2d4e25aa.jpg
CHAUGNAR,https://cdn-webth.garenanow.com/mgames/kgcenter/th/Art_Resources/UI/Dynamic/Icon/301130.png
CRESHT,https://cdn-webth.garenanow.com/mgames/kgcenter/th/Art_Resources/UI/Dynamic/Icon/301710.png
D'ARCY,https://cdn-webth.garenanow.com/mgames/kgcenter/th/Art_Resources/UI/Dynamic/Icon/305230.png
DEXTRA,https://cdn-webth.garenanow.com/webth/cdn/gth/rov/non-events/official/ecefc7e37ee6ebd911f20cb85e3cf114.jpg
DIAO CHAN,https://cdn-webth.garenanow.com/webth/cdn/gth/rov/non-events/official/2739ce8e4cba10bbbf586d9305c0bc6d278501387.png
DIRAK,https://cdn-webth.garenanow.com/webth/cdn/gth/rov/non-events/official/5a0aa13473e99882dd2bc386e65a757a.jpg
ELAND'ORR,https://cdn-webth.garenanow.com/webth/cdn/gth/rov/non-events/official/44644fdbed6c3d262d8d99d72fc88abd.jpg
ELSU,https://cdn-webth.garenanow.com/mgames/kgcenter/th/Art_Resources/UI/Dynamic/Icon/301960.png
ENZO,https://cdn-webth.garenanow.com/webth/cdn/gth/rov/non-events/official/52082f355647d254c4b45a6eab022ef0194524062.jpeg
ERROL,https://cdn-webth.garenanow.com/webth/cdn/gth/rov/non-events/official/9533ebf490c391b2db65bf079b4bf749.jpg
FENNIK,https://cdn-webth.garenanow.com/mgames/kgcenter/th/Art_Resources/UI/Dynamic/Icon/301730.png
FLORENTINO,https://cdn-webth.garenanow.com/mgames/kgcenter/th/Art_Resources/UI/Dynamic/Icon/305210.png
GILDUR,https://cdn-webth.garenanow.com/mgames/kgcenter/th/Art_Resources/UI/Dynamic/Icon/301080.png
GRAKK,https://cdn-webth.garenanow.com/mgames/kgcenter/th/Art_Resources/UI/Dynamic/Icon/301750.png
HAYATE,https://cdn-webth.garenanow.com/mgames/kgcenter/th/Art_Resources/UI/Dynamic/Icon/301320.png
IGGY,https://cdn-webth.garenanow.com/webth/cdn/gth/rov/non-events/official/76c762a4ceee074fe4459a483350dbe4258081001.jpeg
IGNIS,https://cdn-webth.garenanow.com/mgames/kgcenter/th/Art_Resources/UI/Dynamic/Icon/301240.png
ILLUMIA,https://cdn-webth.garenanow.com/mgames/kgcenter/th/Art_Resources/UI/Dynamic/Icon/301360.png
ISHAR,https://cdn-webth.garenanow.com/webth/cdn/gth/rov/non-events/official/38234f18a68b8d881c3c40824e10482a.jpg
JINNA,https://cdn-webth.garenanow.com/mgames/kgcenter/th/Art_Resources/UI/Dynamic/Icon/301150.png
KAHLII,https://cdn-webth.garenanow.com/mgames/kgcenter/th/Art_Resources/UI/Dynamic/Icon/301100.png
KEERA,https://cdn-webth.garenanow.com/webth/cdn/gth/rov/non-events/official/4c631eb81c40729aa258cc00774b2792.jpg
KIL'GROTH,https://cdn-webth.garenanow.com/mgames/kgcenter/th/Art_Resources/UI/Dynamic/Icon/301390.png
KRIKNAK,https://cdn-webth.garenanow.com/mgames/kgcenter/th/Art_Resources/UI/Dynamic/Icon/301620.png
KRIXI,https://cdn-webth.garenanow.com/mgames/kgcenter/th/Art_Resources/UI/Dynamic/Icon/301060.png
KRIZZIX,https://cdn-webth.garenanow.com/webth/cdn/gth/rov/non-events/official/c416277e6010025f3ad1b3a585291367.png
LAURIEL,https://cdn-webth.garenanow.com/mgames/kgcenter/th/Art_Resources/UI/Dynamic/Icon/301410.png
LAVILLE,https://cdn-webth.garenanow.com/webth/cdn/gth/rov/non-events/official/c3e8a62d08efa403fe9749696b6bdafe.jpg
LILIANA,https://cdn-webth.garenanow.com/mgames/kgcenter/th/Art_Resources/UI/Dynamic/Icon/305100.png
LINDIS,https://cdn-webth.garenanow.com/mgames/kgcenter/th/Art_Resources/UI/Dynamic/Icon/301770.png
LORION,https://cdn-webth.garenanow.com/webth/cdn/gth/rov/non-events/official/8bfeffe5e464f8862217c7305dbc52fe.jpg
LU BU,https://cdn-webth.garenanow.com/mgames/kgcenter/th/Art_Resources/UI/Dynamic/Icon/301280.png
LUMBURR,https://cdn-webth.garenanow.com/mgames/kgcenter/th/Art_Resources/UI/Dynamic/Icon/301680.png
MALOCH,https://cdn-webth.garenanow.com/mgames/kgcenter/th/Art_Resources/UI/Dynamic/Icon/301230.png
MARJA,https://cdn-webth.garenanow.com/mgames/kgcenter/th/Art_Resources/UI/Dynamic/Icon/301210.png
MAX,https://cdn-webth.garenanow.com/mgames/kgcenter/th/Art_Resources/UI/Dynamic/Icon/301800.png
MGANGA,https://cdn-webth.garenanow.com/mgames/kgcenter/th/Art_Resources/UI/Dynamic/Icon/301190.png
MINA,https://cdn-webth.garenanow.com/mgames/kgcenter/th/Art_Resources/UI/Dynamic/Icon/301200.png
MOREN,https://cdn-webth.garenanow.com/mgames/kgcenter/th/Art_Resources/UI/Dynamic/Icon/301700.png
MORTOS,https://cdn-webth.garenanow.com/webth/cdn/gth/rov/non-events/official/14775da68e9b3427a5626cf04d9448bc688675385.jpg
MURAD,https://cdn-webth.garenanow.com/mgames/kgcenter/th/Art_Resources/UI/Dynamic/Icon/301310.png
NAKROTH,https://cdn-webth.garenanow.com/webth/cdn/gth/rov/non-events/official/0b1620c324e7800851b412a9439a689b122140483.jpeg
NATALYA,https://cdn-webth.garenanow.com/mgames/kgcenter/th/Art_Resources/UI/Dynamic/Icon/301420.png
OMEGA,https://cdn-webth.garenanow.com/mgames/kgcenter/th/Art_Resources/UI/Dynamic/Icon/301140.png
OMEN,https://cdn-webth.garenanow.com/webth/cdn/gth/rov/non-events/official/74fee9655c49277cd28834c189574987.png
ORMARR,https://cdn-webth.garenanow.com/mgames/kgcenter/th/Art_Resources/UI/Dynamic/Icon/301170.png
PAINE,https://cdn-webth.garenanow.com/webth/cdn/gth/rov/non-events/official/7f56b60892d0215f36f436e0b6d812fa.jpg
PREYTA,https://cdn-webth.garenanow.com/mgames/kgcenter/th/Art_Resources/UI/Dynamic/Icon/301480.png
QI,https://cdn-webth.garenanow.com/mgames/kgcenter/th/Art_Resources/UI/Dynamic/Icon/305280.png
QUILLEN,https://cdn-webth.garenanow.com/mgames/kgcenter/th/Art_Resources/UI/Dynamic/Icon/305180.png
RAZ,https://cdn-webth.garenanow.com/mgames/kgcenter/th/Art_Resources/UI/Dynamic/Icon/301570.png
RIKTOR,https://cdn-webth.garenanow.com/mgames/kgcenter/th/Art_Resources/UI/Dynamic/Icon/305150.png
ROUIE,https://cdn-webth.garenanow.com/webth/cdn/gth/rov/non-events/official/caea84b1bebac1a0f5f0b1d0c717c5ad.jpg
ROURKE,https://cdn-webth.garenanow.com/mgames/kgcenter/th/Art_Resources/UI/Dynamic/Icon/305120.png
ROXIE,https://cdn-webth.garenanow.com/webth/cdn/gth/rov/non-events/official/9d7b3043e93366865d62465b9a310f92580957575.jpg
RYOMA,https://cdn-webth.garenanow.com/mgames/kgcenter/th/Art_Resources/UI/Dynamic/Icon/301630.png
SEPHERA,https://cdn-webth.garenanow.com/mgames/kgcenter/th/Art_Resources/UI/Dynamic/Icon/305270.png
SINESTREA,https://cdn-webth.garenanow.com/webth/cdn/gth/rov/non-events/official/d40b1c67247e69e1b2fd63ed44d9d7cd.jpg
SKUD,https://cdn-webth.garenanow.com/mgames/kgcenter/th/Art_Resources/UI/Dynamic/Icon/301340.png
SLIMZ,https://cdn-webth.garenanow.com/mgames/kgcenter/th/Art_Resources/UI/Dynamic/Icon/301690.png
SUPER MAN,https://cdn-webth.garenanow.com/mgames/kgcenter/th/Art_Resources/UI/Dynamic/Icon/301400.png
TAARA,https://cdn-webth.garenanow.com/mgames/kgcenter/th/Art_Resources/UI/Dynamic/Icon/301440.png
TACHI,https://cdn-webth.garenanow.com/webth/cdn/gth/rov/non-events/official/e6a658b1e3485aba22fd6e401700b4d0722633259.png
TEEMEE,https://cdn-webth.garenanow.com/mgames/kgcenter/th/Art_Resources/UI/Dynamic/Icon/301860.png
TEERI,https://cdn-webth.garenanow.com/webth/cdn/gth/rov/non-events/official/9e694302eee95cda70d5d7878f29859f604290561.jpg
TEL'ANNAS,https://cdn-webth.garenanow.com/webth/cdn/gth/rov/non-events/official/316aedd067a6891ec9262c4791048c4e002690156.jpg
THANE,https://cdn-webth.garenanow.com/mgames/kgcenter/th/Art_Resources/UI/Dynamic/Icon/301350.png
THE FLASH,https://cdn-webth.garenanow.com/mgames/kgcenter/th/Art_Resources/UI/Dynamic/Icon/305070.png
THE JOKER,https://cdn-webth.garenanow.com/mgames/kgcenter/th/Art_Resources/UI/Dynamic/Icon/301740.png
THORNE,https://cdn-webth.garenanow.com/webth/cdn/gth/rov/non-events/official/177b5dc323de1f131104bc3a61a30dc5.jpg
TORO,https://cdn-webth.garenanow.com/mgames/kgcenter/th/Art_Resources/UI/Dynamic/Icon/301050.png
TULEN,https://cdn-webth.garenanow.com/mgames/kgcenter/th/Art_Resources/UI/Dynamic/Icon/301900.png
VALHEIN,https://cdn-webth.garenanow.com/mgames/kgcenter/th/Art_Resources/UI/Dynamic/Icon/301330.png
VEERA,https://cdn-webth.garenanow.com/webth/cdn/gth/rov/non-events/official/4596bab5ebaf35a3023239179b889122653464512.jpg
VERES,https://cdn-webth.garenanow.com/mgames/kgcenter/th/Art_Resources/UI/Dynamic/Icon/305200.png
VIOLET,https://cdn-webth.garenanow.com/webth/cdn/gth/rov/non-events/official/8c6c8393bd8e9b873eeb2028cc5ff239784341618.png
VOLKATH,https://cdn-webth.garenanow.com/webth/cdn/gth/rov/non-events/official/0226a3b59534f7e097b31faf55719ffc.jpg
WIRO,https://cdn-webth.garenanow.com/mgames/kgcenter/th/Art_Resources/UI/Dynamic/Icon/301940.png
WISP,https://cdn-webth.garenanow.com/mgames/kgcenter/th/Art_Resources/UI/Dynamic/Icon/305080.png
WONDER WOMAN,https://cdn-webth.garenanow.com/mgames/kgcenter/th/Art_Resources/UI/Dynamic/Icon/305040.png
WUKONG,https://cdn-webth.garenanow.com/webth/cdn/gth/rov/non-events/official/8e1736836bc737a5a9495cec55c1d64d.jpg
XENIEL,https://cdn-webth.garenanow.com/mgames/kgcenter/th/Art_Resources/UI/Dynamic/Icon/301490.png
Y'BNETH,https://cdn-webth.garenanow.com/mgames/kgcenter/th/Art_Resources/UI/Dynamic/Icon/305090.png
YAN,https://cdn-webth.garenanow.com/webth/cdn/gth/rov/non-events/official/e30adc9818a781b682c88a97ff830e00605372736.jpg
YENA,https://cdn-webth.garenanow.com/webth/cdn/gth/rov/non-events/official/5c5c460fe14e67f351782aa133fbb1d5432803963.jpeg
YORN,https://cdn-webth.garenanow.com/mgames/kgcenter/th/Art_Resources/UI/Dynamic/Icon/301120.png
YUE,https://cdn-webth.garenanow.com/webth/cdn/gth/rov/non-events/official/215047bd2e8615e7ca6758d94e65b053913347022.jpg
ZANIS,https://cdn-webth.garenanow.com/mgames/kgcenter/th/Art_Resources/UI/Dynamic/Icon/301290.png
ZATA,https://cdn-webth.garenanow.com/webth/cdn/gth/rov/non-events/official/e6cdecc7664a50ccc8bdef6172479882.jpg
ZEPHYS,https://cdn-webth.garenanow.com/webth/cdn/gth/rov/non-events/official/a19d433210391d6be2774f3fa5a7cd21087807594.jpg
ZILL,https://cdn-webth.garenanow.com/mgames/kgcenter/th/Art_Resources/UI/Dynamic/Icon/301460.png
ZIP,https://cdn-webth.garenanow.com/webth/cdn/gth/rov/non-events/official/5248fb3ed974b26ee5a0548f4a4c7bdb604470912.jpeg
ZUKA,https://cdn-webth.garenanow.com/mgames/kgcenter/th/Art_Resources/UI/Dynamic/Icon/305030.png
